TextBlob,brand,clean,favourites_count,followers_count,friends_count,id,location,name,orig,polarity,pubdate,screen_name,sentiment,statuses_count,subjectivity,user_id,verified
xiaomi buys tiny share in @blackberry phone maker @tcl_usa to spur collaboration ,xiaomi,xiaomi buys tiny share in @blackberry phone maker @tcl_usa to spur collaboration ,10711,2117350,1372885,1083069303375650817,"Portland, OR, and New York, NY",Digital Trends,Xiaomi buys tiny share in @Blackberry phone maker @TCL_USA to spur collaboration https://t.co/7J4hOgxOLV,0.0,Wed Jan 09 18:33:39 +0000 2019,DigitalTrends,neutral,114089,0.5,14763734,True
"xiaomi poco f1 adding 960fps slo-mo, night mode with the nextupdate  ",xiaomi,"xiaomi poco f1 adding 960fps slo-mo, night mode with the nextupdate  ",12,498042,43,1083006968766390273,,Android Community,"Xiaomi POCO F1 adding 960FPS slo-mo, Night mode with the next¬†update https://t.co/rRiwK2bwPK https://t.co/OlVb87hIsk",0.0,Wed Jan 09 14:25:57 +0000 2019,Androids,neutral,49807,0.0,15895661,False
xiaomi-backed huami has launched amazfit cor 2 with 20-day battery life ,xiaomi,xiaomi-backed huami has launched amazfit cor 2 with 20-day battery life ,11,280006,15,1083098585573609475,India's most popular tech site,Gadgets 360,Xiaomi-backed Huami has launched Amazfit Cor 2 with 20-day battery life https://t.co/i7mTFYWwy1,0.0,Wed Jan 09 20:30:00 +0000 2019,Gadgets360,neutral,111573,0.0,43077446,True
.@xiaomi's airdots only cost $30 and work similarly to airpods ,xiaomi,.@xiaomi's airdots only cost $30 and work similarly to airpods ,204,207417,422,1082990875532242945,"New York, USA",Tech Insider,.@xiaomi's AirDots only cost $30 and work similarly to AirPods https://t.co/6FOqzhl69C,0.0,Wed Jan 09 13:22:00 +0000 2019,techinsider,neutral,53706,0.7,3224616765,True
xiaomi unveils the logo for the redmi brand  ,xiaomi,xiaomi unveils the logo for the redmi brand  ,7,145529,1,1083078719999160320,,GSMArena.com,Xiaomi unveils the logo for the Redmi brand https://t.co/ifRKQQLeDU https://t.co/xki3tbLqLO,0.0,Wed Jan 09 19:11:04 +0000 2019,gsmarena_com,neutral,40078,0.0,218570536,False
"fresh news xiaomi selects bluetooth mesh technology from silicon labs for new smart home products las vegas, jan. 9 ",xiaomi,"fresh news xiaomi selects bluetooth mesh technology from silicon labs for new smart home products las vegas, jan. 9 ",37844,98443,60234,1082997692844965888,United States,HEDGED news,"Fresh News Xiaomi Selects Bluetooth Mesh Technology from Silicon Labs for New Smart Home Products LAS VEGAS, Jan. 9‚Ä¶ https://t.co/o1vQY5s5Bo",0.21688311688311687,Wed Jan 09 13:49:05 +0000 2019,politicalHEDGE,positive,590867,0.5324675324675324,790019230389248000,False
#gtutechupdate this is xiaomis new redmi phone with 48mp camera launching tomorrow:  ,xiaomi,#gtutechupdate this is xiaomis new redmi phone with 48mp camera launching tomorrow:  ,383,60819,1,1082995035052826625,"Delhi, India",Gadgets To Use,#gtutechupdate This is Xiaomi‚Äôs new Redmi phone with 48MP camera launching tomorrow: https://t.co/87JeLwpr00 https://t.co/Ph51OvFZ2G,0.13636363636363635,Wed Jan 09 13:38:32 +0000 2019,gadgetstouse,positive,17505,0.45454545454545453,94983263,False
"i added a video to a @youtube playlist  xiaomi mi 9,walking car,poco f1 big update,oppo r15 pro india,samsung",xiaomi,"i added a video to a @youtube playlist  xiaomi mi 9,walking car,poco f1 big update,oppo r15 pro india,samsung",1124,49975,17,1082992908662464518,"Mumbai, India",Techno Ruhez,"I added a video to a @YouTube playlist https://t.co/TXvZoyfKDB Xiaomi Mi 9,Walking Car,Poco F1 Big Update,Oppo R15 Pro India,Samsung",0.0,Wed Jan 09 13:30:05 +0000 2019,AmreliaRuhez,neutral,5579,0.1,2999018286,False
"xiaomi mi 9,walking car,poco f1 big update,oppo r15 pro india,samsung 8k tv,whatsapp fingerprint#733 ",xiaomi,"xiaomi mi 9,walking car,poco f1 big update,oppo r15 pro india,samsung 8k tv,whatsapp fingerprint#733 ",1124,49974,17,1082995715289374721,"Mumbai, India",Techno Ruhez,"Xiaomi Mi 9,Walking Car,Poco F1 Big Update,Oppo R15 Pro India,Samsung 8K Tv,Whatsapp Fingerprint#733 https://t.co/TXvZoyfKDB",0.0,Wed Jan 09 13:41:14 +0000 2019,AmreliaRuhez,neutral,5580,0.1,2999018286,False
xiaomi buys tiny share in @blackberry phone maker tcl to spur collaboration ,xiaomi,xiaomi buys tiny share in @blackberry phone maker tcl to spur collaboration ,145,47970,39933,1083059600436285441,"New York, NY",DT Mobile,Xiaomi buys tiny share in @Blackberry phone maker TCL to spur collaboration https://t.co/J8SS5ocsor,0.0,Wed Jan 09 17:55:05 +0000 2019,DTmobile,neutral,13716,0.5,4482294142,False
will worldwide smartphone sales actually turn around in 2019 despite all the negativity? good analysis from ,xiaomi,will worldwide smartphone sales actually turn around in 2019 despite all the negativity? good analysis from ,41507,44751,3455,1083091309429223430,"New York, NY",Paul R. La Monica,Will worldwide smartphone sales actually turn around in 2019 despite all the negativity? Good analysis from‚Ä¶ https://t.co/P9AZYWyxsd,0.35,Wed Jan 09 20:01:05 +0000 2019,LaMonicaBuzz,positive,104676,0.35000000000000003,104952689,True
first pictures of the 48 mp redmi x teased by xiaomi ceo  ,xiaomi,first pictures of the 48 mp redmi x teased by xiaomi ceo  ,19,36199,1501,1082986382300073984,,onlinesitestore,First pictures of the 48 MP Redmi X teased by Xiaomi CEO https://t.co/G5U8z1wJD7 https://t.co/qQ2ZVvMwV3,0.25,Wed Jan 09 13:04:09 +0000 2019,workonline44,positive,33431,0.3333333333333333,759232045679779840,False
"#xiaomi to launch its new #redminote7 with 48mp main camera tomorrow. here's how you can watch the event live
",xiaomi,"#xiaomi to launch its new #redminote7 with 48mp main camera tomorrow. here's how you can watch the event live
",3,35395,114,1083042263872155649,"New Delhi, Delhi",Express Technology,"#Xiaomi to launch its new #RedmiNote7 with 48MP main camera tomorrow. Here's how you can watch the event live
https://t.co/einnSsp0Lf",0.14646464646464644,Wed Jan 09 16:46:12 +0000 2019,ExpressTechie,positive,33228,0.4292929292929293,3184725630,True
"chinese smartphone manufacturers like #xiaomi, #oneplus and more are giving #apple a run for their money globally
",xiaomi,"chinese smartphone manufacturers like #xiaomi, #oneplus and more are giving #apple a run for their money globally
",3,35394,114,1083019322426036225,"New Delhi, Delhi",Express Technology,"Chinese smartphone manufacturers like #Xiaomi, #OnePlus and more are giving #Apple a run for their money globally
https://t.co/jBguVvsfho",0.16666666666666666,Wed Jan 09 15:15:02 +0000 2019,ExpressTechie,positive,33226,0.16666666666666666,3184725630,True
"chinese smartphone manufacturers like #xiaomi, #oneplus and more are giving #apple a run for their money globally
",xiaomi,"chinese smartphone manufacturers like #xiaomi, #oneplus and more are giving #apple a run for their money globally
",3,35394,114,1083019475153272832,"New Delhi, Delhi",Express Technology,"Chinese smartphone manufacturers like #Xiaomi, #OnePlus and more are giving #Apple a run for their money globally
https://t.co/jBguVvsfho",0.16666666666666666,Wed Jan 09 15:15:39 +0000 2019,ExpressTechie,positive,33226,0.16666666666666666,3184725630,True
xiaomi buys tiny share in blackberry phone maker tcl to spur collaboration  ,xiaomi,xiaomi buys tiny share in blackberry phone maker tcl to spur collaboration  ,393423,32160,10905,1083062625208918017,"New Jersey, USA",Kenneth Hitchner,Xiaomi buys tiny share in Blackberry phone maker TCL to spur collaboration https://t.co/wdWWolU6OP https://t.co/1f0qW9l1Y3,0.0,Wed Jan 09 18:07:06 +0000 2019,KennethHitchner,neutral,126166,0.5,300615384,False
"after xiaomi, oppo will officially arrive in the uk on january 29 #oppo #uk  ",xiaomi,"after xiaomi, oppo will officially arrive in the uk on january 29 #oppo #uk  ",75,31151,5,1083022099160203264,"Plymouth, MI",Neowin,"After Xiaomi, OPPO will officially arrive in the UK on January 29 #OPPO #UK https://t.co/CwrtKKDfhh https://t.co/QVfL3KshE7",0.0,Wed Jan 09 15:26:04 +0000 2019,NeowinFeed,neutral,64210,0.0,14357338,False
"yup. lg, samsung, xiaomi. i think huawei too even though they havent said it out loud",xiaomi,"yup. lg, samsung, xiaomi. i think huawei too even though they havent said it out loud",4261,30200,2841,1083009686486597637,"Johannesburg, South Africa",Manqeezus,"Yup. LG, Samsung, Xiaomi. I think Huawei too even though they haven‚Äôt said it out loud",0.1,Wed Jan 09 14:36:45 +0000 2019,_Bonga,positive,474142,0.8,60862407,False
"sweep, mop, and schedule it all with the discounted roborock smart robot vacuum ",xiaomi,"sweep, mop, and schedule it all with the discounted roborock smart robot vacuum ",1030,24952,20,1083021732263399424,,Thrifter,"Sweep, mop, and schedule it all with the discounted Roborock smart robot vacuum https://t.co/NBmow3z4ur",0.10297619047619047,Wed Jan 09 15:24:37 +0000 2019,ThrifterDaily,positive,20726,0.32142857142857145,798730370032222208,False
xiaomi selects bluetooth mesh technology from silicon labs for new smart homeproducts ,xiaomi,xiaomi selects bluetooth mesh technology from silicon labs for new smart homeproducts ,7214,23713,22763,1082994868304179205,,HEDGE accordinglyüìà,Xiaomi Selects Bluetooth Mesh Technology from Silicon Labs for New Smart Home¬†Products https://t.co/tKtdr7YCA0,0.17532467532467533,Wed Jan 09 13:37:52 +0000 2019,HedgeBz,positive,320286,0.5487012987012987,561742581,False
xiaomi confirms an additional mysterious product launch for tomorrow  ,xiaomi,xiaomi confirms an additional mysterious product launch for tomorrow  ,117,23470,144,1082995916003520513,,GizmoChina,Xiaomi confirms an additional mysterious product launch for tomorrow https://t.co/3lqDWzlYIk https://t.co/0lmGAWTr7I,0.0,Wed Jan 09 13:42:02 +0000 2019,GizmoChina,neutral,16063,1.0,635171341,False
"xiaomi #redmi 48mp #smartphone teased once again.  @xiaomi @redmiindia
",xiaomi,"xiaomi #redmi 48mp #smartphone teased once again.  @xiaomi @redmiindia
",414,23155,725,1083038187310759939,,GIZBOT,"Xiaomi #Redmi 48MP #smartphone teased once again.  @xiaomi @RedmiIndia
https://t.co/VIeJsiSPUb",0.0,Wed Jan 09 16:30:00 +0000 2019,gizbot,neutral,75517,0.0,402000136,True
"with the upcoming features, #pocof1 is sure to deliver a high-end experience. @indiapoco @xiaomi
",xiaomi,"with the upcoming features, #pocof1 is sure to deliver a high-end experience. @indiapoco @xiaomi
",414,23155,725,1083053288050831360,,GIZBOT,"With the upcoming features, #PocoF1 is sure to deliver a high-end experience. @IndiaPOCO @xiaomi
https://t.co/yt8qETzv5d",0.5,Wed Jan 09 17:30:00 +0000 2019,gizbot,positive,75518,0.8888888888888888,402000136,True
"the xiaomi mi mix 2s is now slashed to as low as rm1,399 ",xiaomi,"the xiaomi mi mix 2s is now slashed to as low as rm1,399 ",65,22952,56,1082989935093633024,"Kuala Lumpur, Malaysia",SoyaCincau,"The Xiaomi Mi MIX 2S is now slashed to as low as RM1,399 https://t.co/8qleOFuD2G",0.0,Wed Jan 09 13:18:16 +0000 2019,Soya_Cincau,neutral,46851,0.3,129508554,False
"how does the brain of the first investor in xiaomi work?
inviting investors and founders of bangalore to meet morni ",xiaomi,"how does the brain of the first investor in xiaomi work?
inviting investors and founders of bangalore to meet morni ",891,19816,547,1083010336360448000,‡§µ‡§Ç‡§¶‡•á ‡§Æ‡§æ‡§§‡§∞‡§Æ,Anand Lunia,"How does the brain of the First investor in Xiaomi work?
Inviting investors and founders of Bangalore to meet Morni‚Ä¶ https://t.co/s13jwyvbD6",0.25,Wed Jan 09 14:39:20 +0000 2019,anandlunia,positive,10177,0.3333333333333333,62438757,False
consumers in china and india prefer xiaomi and samsung phones over iphone forupgrade  ,xiaomi,consumers in china and india prefer xiaomi and samsung phones over iphone forupgrade  ,577,18798,76,1082992655896903680,"Lahore, Pakistan",TechJuice,Consumers in China and India prefer Xiaomi and Samsung phones over iPhone for¬†upgrade https://t.co/f5GXB8O3iZ https://t.co/uU95mlzV3j,0.0,Wed Jan 09 13:29:04 +0000 2019,TechJuicePk,neutral,15244,0.0,944267155,True
"#xiaomi mi box 4 se launched in china with updated internals
",xiaomi,"#xiaomi mi box 4 se launched in china with updated internals
",1045,18597,11,1083011511633752065,India,91mobiles,"#Xiaomi Mi Box 4 SE launched in China with updated internals
https://t.co/XJFrIwxEUK",0.0,Wed Jan 09 14:44:00 +0000 2019,91mobiles,neutral,31962,0.0,88870886,True
"#xiaomi mi box 4 se launched in china with updated internals
",xiaomi,"#xiaomi mi box 4 se launched in china with updated internals
",1045,18596,11,1083007385554145281,India,91mobiles,"#Xiaomi Mi Box 4 SE launched in China with updated internals
https://t.co/XJFrIwPfMi",0.0,Wed Jan 09 14:27:36 +0000 2019,91mobiles,neutral,31962,0.0,88870886,True
"#xiaomi redmi note 7 gets bluetooth certification ahead of launch
",xiaomi,"#xiaomi redmi note 7 gets bluetooth certification ahead of launch
",1045,18595,11,1083001948272508928,India,91mobiles,"#Xiaomi Redmi Note 7 gets Bluetooth certification ahead of launch
https://t.co/AvgL264tUA",0.0,Wed Jan 09 14:06:00 +0000 2019,91mobiles,neutral,31960,0.0,88870886,True
"for the smart home market to grow, it needs true global wireless mesh networking standards that can meet the relia ",xiaomi,"for the smart home market to grow, it needs true global wireless mesh networking standards that can meet the relia ",3751,18173,468,1083037692613537792,"Kirkland, WA USA",Bluetooth,"‚ÄúFor the smart home market to grow, it needs true global wireless mesh networking standards that can meet the relia‚Ä¶ https://t.co/LuzTJxdN6d",0.1880952380952381,Wed Jan 09 16:28:02 +0000 2019,BluetoothSIG,positive,20670,0.430952380952381,22678898,True
"  xiaomi lemo desktop storage three-piece pen hold storage set solo 8,4 
",xiaomi,"  xiaomi lemo desktop storage three-piece pen hold storage set solo 8,4 
",1,17664,52,1083017065626243072,,gangasxiaomiymas,"üèµ  Xiaomi LEMO Desktop Storage Three-piece Pen Hold Storage Set solo 8,4‚Ç¨ 
https://t.co/BVjVRMLJbH",0.0,Wed Jan 09 15:06:04 +0000 2019,gangasxiaomiym,neutral,1123,0.0,920061721968078848,False
us-china trade talks; xiaomi shares plunge; fed minutes @cnni ,xiaomi,us-china trade talks; xiaomi shares plunge; fed minutes @cnni ,8,16847,18425,1083003195666907137,,Stock Pages,US-China trade talks; Xiaomi shares plunge; Fed minutes @CNNI https://t.co/FAs0k7H7fW,0.0,Wed Jan 09 14:10:57 +0000 2019,StockPages,neutral,16764,0.0,237819356,False
"first it was xiaomi, now oppo announces plans for uk launch  ",xiaomi,"first it was xiaomi, now oppo announces plans for uk launch  ",0,14869,67,1083053811889893377,Android technology,Android Digest,"First it was Xiaomi, now Oppo announces plans for UK launch https://t.co/dABOFcdh2p https://t.co/6EPH9PnTDj",0.25,Wed Jan 09 17:32:05 +0000 2019,AndroidDigest,positive,82660,0.3333333333333333,186606006,False
xiaomi amazfit bip smart watch men huami mi pace smartwatch android ios heart rate monitor 45 days battery. ,xiaomi,xiaomi amazfit bip smart watch men huami mi pace smartwatch android ios heart rate monitor 45 days battery. ,0,13994,14091,1083076888468307968,USA,Syed Sajjad,Xiaomi Amazfit Bip Smart Watch Men Huami Mi Pace Smartwatch Android iOS Heart Rate Monitor 45 Days Battery.‚Ä¶ https://t.co/Ujw1ECJPzU,0.21428571428571427,Wed Jan 09 19:03:47 +0000 2019,SajjadSyed5,positive,141979,0.6428571428571429,323390096,False
"xiaomi buys tiny share in blackberry phone maker tcl to spur collaboration 
hackersdude | digitaltrends",xiaomi,"xiaomi buys tiny share in blackberry phone maker tcl to spur collaboration 
hackersdude | digitaltrends",2688,12758,14053,1083066462380658695,geeküáÆüá≥,hackers ÿ∫‚ìî—î·µè,"Xiaomi buys tiny share in Blackberry phone maker TCL to spur collaboration https://t.co/Lp0gUgVZ1m
üòâHackersDude | üîóDigitalTrends",0.0,Wed Jan 09 18:22:21 +0000 2019,HackersGeek,neutral,24836,0.5,3438095788,False
"solid browsing:
why are top and bottom bezels necessary for browsing performance?
these bezels hold larger antenna ",xiaomi,"solid browsing:
why are top and bottom bezels necessary for browsing performance?
these bezels hold larger antenna ",5554,12602,11476,1083033149292986368,Nepal,Brainpage Module,"Solid Browsing:
Why are top and bottom bezels necessary for browsing performance?
These bezels hold larger antenna‚Ä¶ https://t.co/eNVzNdDhwu",0.125,Wed Jan 09 16:09:59 +0000 2019,Learnography,positive,15090,0.525,2330598864,False
lei jun showcases redmi's new phone in a short video - emphasizes its ruggedness #redmi #redminote7 #redmi7 #xiaomi ,xiaomi,lei jun showcases redmi's new phone in a short video - emphasizes its ruggedness #redmi #redminote7 #redmi7 #xiaomi ,9,12153,463,1083004053557334016,"Qingdao, China",Giz China,Lei Jun showcases Redmi's new phone in a short video - emphasizes its ruggedness #redmi #redminote7 #redmi7 #xiaomi‚Ä¶ https://t.co/Lv4jmNKWNr,0.06818181818181818,Wed Jan 09 14:14:22 +0000 2019,Gizchina,neutral,32120,0.37727272727272726,127674014,False
huawei and xiaomi destroying apple. i love life!,xiaomi,huawei and xiaomi destroying apple. i love life!,248,12129,637,1083095059069915139,"Kisii, Kenya",MiNT,Huawei and Xiaomi destroying Apple. I love life!,0.2125,Wed Jan 09 20:15:59 +0000 2019,MINTINTOSH,positive,417023,0.3,329227753,False
configuration des ampoules xiaomi yeelight dans jeedom : configuration jeedom ,xiaomi,configuration des ampoules xiaomi yeelight dans jeedom : configuration jeedom ,1334,12108,4558,1082989619413688321,"Chaon, France",Maison et Domotique,Configuration des Ampoules Xiaomi Yeelight dans Jeedom : Configuration Jeedom https://t.co/5vTMj7UGFG,0.0,Wed Jan 09 13:17:00 +0000 2019,cedriclocqueneu,neutral,30931,0.0,45529087,False
"now is a great time to buy!

",xiaomi,"now is a great time to buy!

",845,11838,99,1083034412181262336,,GadgetMatch,"Now is a great time to buy!

https://t.co/Cuz1VxR1Ew",1.0,Wed Jan 09 16:15:00 +0000 2019,gadgetmatch,positive,15833,0.75,2687887574,False
upcoming xiaomi redmi go with aspect ratio 18:9 announced;specifications  ,xiaomi,upcoming xiaomi redmi go with aspect ratio 18:9 announced;specifications  ,1370,10455,9582,1083079823646437381,Nigeria,Root Stock ROM,Upcoming Xiaomi Redmi Go With Aspect ratio 18:9 Announced;¬†Specifications https://t.co/umfcwdMflg https://t.co/nHy9y0upQ6,0.0,Wed Jan 09 19:15:27 +0000 2019,rootstockrom,neutral,30408,0.0,2477187536,False
us-china trade talks; xiaomi shares plunge; fed minutes cnn  ,xiaomi,us-china trade talks; xiaomi shares plunge; fed minutes cnn  ,1043,10394,0,1083021281119911936,New York,iBOLD BREAKING NEWS,US-China trade talks; Xiaomi shares plunge; Fed minutes ‚Äì¬†CNN https://t.co/uYPrHJ1GV2 https://t.co/HY3JGfJXuS,0.0,Wed Jan 09 15:22:49 +0000 2019,iBoldNews,neutral,136021,0.0,133378751,False
"first it was xiaomi, now oppo announces plans for uk launch  ",xiaomi,"first it was xiaomi, now oppo announces plans for uk launch  ",3,9324,163,1082992216505765888,,Nexuspdate,"First it was Xiaomi, now Oppo announces plans for UK launch https://t.co/CTf3xZRr7G https://t.co/9O3txMcrUV",0.25,Wed Jan 09 13:27:20 +0000 2019,nexusupdatecom,positive,22199,0.3333333333333333,4266663730,False
"xiaomi poco f1 adding 960fps slo-mo, night mode with the next update  ",xiaomi,"xiaomi poco f1 adding 960fps slo-mo, night mode with the next update  ",3,9324,163,1083012415497875456,,Nexuspdate,"Xiaomi POCO F1 adding 960FPS slo-mo, Night mode with the next update https://t.co/hnCQ6eOlrB https://t.co/k9tr1GbsJx",0.0,Wed Jan 09 14:47:35 +0000 2019,nexusupdatecom,neutral,22209,0.0,4266663730,False
xiaomi selects bluetooth mesh technology from silicon labs for new smart homeproducts ,xiaomi,xiaomi selects bluetooth mesh technology from silicon labs for new smart homeproducts ,1855,9235,10048,1082994861798817792,,HEDGELy üì∞,Xiaomi Selects Bluetooth Mesh Technology from Silicon Labs for New Smart Home¬†Products https://t.co/0xhs4EUyyq,0.17532467532467533,Wed Jan 09 13:37:50 +0000 2019,Hedgely,positive,221169,0.5487012987012987,820110584,False
still airpods &gt;&gt; airdots .,xiaomi,still airpods &gt;&gt; airdots .,3760,9112,1039,1082992440557166593,Looking For a Compass,IMMO #77,Still airpods &gt;&gt; airdots üòÇ.,0.0,Wed Jan 09 13:28:13 +0000 2019,ImrKil,neutral,171540,0.0,61846666,False
6 best earphones for xiaomi poco f1 that you can buy  ,xiaomi,6 best earphones for xiaomi poco f1 that you can buy  ,408,8033,15,1083005964163432449,The Internet,Guiding Tech,6 Best Earphones for Xiaomi Poco F1 That You Can Buy https://t.co/Qv5BUAJmXX https://t.co/EUmCfbGTVX,1.0,Wed Jan 09 14:21:57 +0000 2019,GuidingTech,positive,18299,0.3,100273272,False
"@kmmbd @5abik need suggestions. what phone to buy, budget around 30k. xiaomi is the most favorable. which xiaomi model would be better?",xiaomi,"@kmmbd @5abik need suggestions. what phone to buy, budget around 30k. xiaomi is the most favorable. which xiaomi model would be better?",2106,7885,4156,1083044717485481984,"Dhaka, Bangladesh",Akbar Hossain,"@kmmbd @5abik need suggestions. What phone to buy, budget around 30K. Xiaomi is the most favorable. Which Xiaomi model would be better?",0.5,Wed Jan 09 16:55:57 +0000 2019,bigpsfan,positive,61772,0.5,42642180,False
"#weeklydraw

participate in our weekly draw from: 



get a chance to win redmi 6a mobile ph ",xiaomi,"#weeklydraw

participate in our weekly draw from: 



get a chance to win redmi 6a mobile ph ",2744,7764,433,1083007990112804865,Free to Play - Win Prizes!,India Bet,"#WeeklyDraw

Participate in our Weekly Draw from: 

https://t.co/BKu2hhJT2z

Get a chance to win Redmi 6A mobile ph‚Ä¶ https://t.co/nrckDAE5eX",0.8,Wed Jan 09 14:30:00 +0000 2019,indiabet,positive,17943,0.4,285608589,False
"here's everything you ever wanted to know about #xiaomi smartphones launching this year!

",xiaomi,"here's everything you ever wanted to know about #xiaomi smartphones launching this year!

",1125,7450,568,1082993527347326976,"Pune, India",Trak.in,"Here's everything you ever wanted to know about #Xiaomi smartphones launching this year!

https://t.co/DHf1L88IBJ",0.0,Wed Jan 09 13:32:32 +0000 2019,trakin,neutral,16603,0.0,14299770,False
@xiaomiuk @threeuk ooooo wow yes please!   ,xiaomi,@xiaomiuk @threeuk ooooo wow yes please!   ,238,7433,3733,1083062345109331968,"North West, England",ü¶îEllen Darlingtonü¶î,@XiaomiUK @ThreeUK Ooooo wow yes please! üòçüíïü§û https://t.co/EbLxh5tqTw ‚Ä¶,0.125,Wed Jan 09 18:06:00 +0000 2019,emdarlington,positive,699684,1.0,100251454,False
"xiaomi's mi mix 3 is priced below rm2,300 in malaysia -  ",xiaomi,"xiaomi's mi mix 3 is priced below rm2,300 in malaysia -  ",0,6405,6165,1083071182851629056,,Malaysia Forum,"Xiaomi's Mi MIX 3 is priced below RM2,300 in Malaysia - https://t.co/dUpkl35QSC https://t.co/k0oiwvVXRD",0.0,Wed Jan 09 18:41:07 +0000 2019,MalaysiaForum_,neutral,48485,0.0,151420047,False
"xiaomi redmi note 7: specs, design, and everything we know sofar  ",xiaomi,"xiaomi redmi note 7: specs, design, and everything we know sofar  ",1119,6155,6218,1083069619739475968,Alwar,The Leaker,"Xiaomi Redmi Note 7: Specs, Design, and Everything We Know So¬†Far https://t.co/LL9L9Fn7eG https://t.co/AUlRTCta5F",0.0,Wed Jan 09 18:34:54 +0000 2019,TheLeaker_com,neutral,4423,0.0,1251260779,False
"original #xiaomi redmi 5 ultra-thin tempered glass
     #gearbest  # ",xiaomi,"original #xiaomi redmi 5 ultra-thin tempered glass
     #gearbest  # ",5295,5947,129,1083005998250577920,–ö–æ—Ä–æ–ª—ë–≤,GearBest –ø–æ–∫—É–ø–∫–∏,"Original #Xiaomi Redmi 5 Ultra-thin Tempered Glass
‚û°Ô∏è  https://t.co/0bG8KPupz1 ‚¨ÖÔ∏è  #GearBest  #–ì–µ–∞—Ä–ë–µ—Å—Ç https://t.co/vkhOeMGyYR",0.375,Wed Jan 09 14:22:05 +0000 2019,Gadget_RUS,positive,15104,0.75,190828048,False
xiaomi mi band 3 fitness tracker smart b  para   por 39.00eur  ,xiaomi,xiaomi mi band 3 fitness tracker smart b  para   por 39.00eur  ,626,5747,6314,1083078969405132801,,Running,Xiaomi Mi Band 3 Fitness Tracker Smart B  para   por 39.00EUR  https://t.co/DjtnPrRRI0,0.21428571428571427,Wed Jan 09 19:12:03 +0000 2019,ofertasrunning,positive,28415,0.6428571428571429,3046659227,False
"xiaomi mi note 3 5.5 pulgadas reconocimiento facial 6gb ram 128gb rom 

buy: 
 retail pri ",xiaomi,"xiaomi mi note 3 5.5 pulgadas reconocimiento facial 6gb ram 128gb rom 

buy: 
 retail pri ",67,5606,2741,1083047021714509824,europe,Bargains2go,"üî∂Xiaomi Mi Note 3 5.5 Pulgadas Reconocimiento Facial 6GB RAM 128GB ROM 

üõíBUY: https://t.co/xTJND7Cu3k
‚ùå Retail pri‚Ä¶ https://t.co/4BbQ00f5xt",0.0,Wed Jan 09 17:05:06 +0000 2019,Bargains_2_go,neutral,4424,0.0,1007373554692878336,False
the characteristics of the xiaomi mi 9 arefiltered  ,xiaomi,the characteristics of the xiaomi mi 9 arefiltered  ,726,5392,3833,1083012938284388352,"Comunidad Valenciana, Espa√±a",jose miguel blanco a,The characteristics of the Xiaomi Mi 9 are¬†filtered https://t.co/Y67bKTZXy2 https://t.co/3R5uy0t1aS,0.0,Wed Jan 09 14:49:40 +0000 2019,JosemiMiguel,neutral,34459,0.0,357265506,False
xiaomi mi box 4 se: new cheap player at only 25euros  ,xiaomi,xiaomi mi box 4 se: new cheap player at only 25euros  ,726,5392,3835,1083057926401650688,"Comunidad Valenciana, Espa√±a",jose miguel blanco a,Xiaomi Mi Box 4 SE: new cheap player at only 25¬†euros https://t.co/FGooxWu84f https://t.co/VXZSWKtWLH,0.1787878787878788,Wed Jan 09 17:48:26 +0000 2019,JosemiMiguel,positive,34503,0.7181818181818181,357265506,False
"xiaomi buys tiny share in blackberry phone maker tcl to spur collaboration  
hackersdude | ",xiaomi,"xiaomi buys tiny share in blackberry phone maker tcl to spur collaboration  
hackersdude | ",2785,5290,5898,1083085373683744768,SiliconURL@güìß.com,5À•…©¬°(0ÀÑ wÃ∂eÔ∫íüÜá,"Xiaomi buys tiny share in Blackberry phone maker TCL to spur collaboration  https://t.co/p6JbD8vqcP¬†
HackersDude |‚Ä¶ https://t.co/QcucuLn2hU",0.0,Wed Jan 09 19:37:30 +0000 2019,SiliconWebX,neutral,8639,0.5,801363882245849088,False
its camera ,xiaomi,its camera ,3869,5237,859,1083009244692185093,Tanzania,LyMoÔ£ø,Its camera üò∑üí©,0.0,Wed Jan 09 14:34:59 +0000 2019,MalwarePeter,neutral,117922,0.0,327920448,False
"#xiaomi #redmi #redminote5pro #price in #india cut, now starts at rs. 12,999  #gadgets #ndtv",xiaomi,"#xiaomi #redmi #redminote5pro #price in #india cut, now starts at rs. 12,999  #gadgets #ndtv",3073,5092,379,1083032529278390273,"Muzaffarpur, Bihar",IPL 2019-Fatafat cricket. Latest info.,"#Xiaomi #Redmi #RedmiNote5Pro #price in #India Cut, Now Starts at Rs. 12,999 https://t.co/pUINjJoSvS #gadgets #NDTV",0.0,Wed Jan 09 16:07:31 +0000 2019,ipl2019_news,neutral,14119,0.0,2297406619,False
i liked a @youtube video  xiaomi mi 8 lite review,xiaomi,i liked a @youtube video  xiaomi mi 8 lite review,315,5085,5861,1083058605220380672,"Bali, Indonesia",Tommy Gimbal,I liked a @YouTube video https://t.co/NTOHdoL9Ev Xiaomi Mi 8 Lite review,0.6,Wed Jan 09 17:51:08 +0000 2019,TommyGimbal,positive,26632,0.8,170664816,False
i liked a @youtube video  pocophone f1 by xiaomi: the top 10 features,xiaomi,i liked a @youtube video  pocophone f1 by xiaomi: the top 10 features,315,5084,5861,1083065601348853760,"Bali, Indonesia",Tommy Gimbal,I liked a @YouTube video https://t.co/UHYsEadXEA Pocophone F1 by Xiaomi: The top 10 features,0.55,Wed Jan 09 18:18:56 +0000 2019,TommyGimbal,positive,26635,0.65,170664816,False
"on the 1st day investors were permitted to sell shares, xiaomi stock dropped 7% in hong kong to reach a record low. ",xiaomi,"on the 1st day investors were permitted to sell shares, xiaomi stock dropped 7% in hong kong to reach a record low. ",2,4823,644,1082984968807219200,Worldwide,Day Trading Academy,"On the 1st day investors were permitted to sell shares, Xiaomi stock dropped 7% in Hong Kong to reach a record low.‚Ä¶ https://t.co/TpqhR7WEaz",0.0,Wed Jan 09 12:58:32 +0000 2019,DTradingAcademy,neutral,39342,0.3,535913183,False
"on the 1st day some investors were permitted to sell shares, xiaomi stock dropped 7% in hong kong to reach a record ",xiaomi,"on the 1st day some investors were permitted to sell shares, xiaomi stock dropped 7% in hong kong to reach a record ",2,4823,644,1082985292636848128,Worldwide,Day Trading Academy,"On the 1st day some investors were permitted to sell shares, Xiaomi stock dropped 7% in Hong Kong to reach a record‚Ä¶ https://t.co/MNiJHia20R",0.0,Wed Jan 09 12:59:49 +0000 2019,DTradingAcademy,neutral,39343,0.0,535913183,False
"#xiaomimiplay 6gb ram #xiaomimiplayprice and #xiaomimiplayspecification
 ",xiaomi,"#xiaomimiplay 6gb ram #xiaomimiplayprice and #xiaomimiplayspecification
 ",1883,4618,3976,1083058125635272704,,mobile with prices,"#XiaomiMiPlay 6GB RAM #XiaomiMiPlayPrice and #XiaomiMiPlayspecification
https://t.co/H5Dmk8xOlo https://t.co/xUQ5k41LUw",0.0,Wed Jan 09 17:49:14 +0000 2019,Mobile78000,neutral,2618,0.0,2917661191,False
"great deal. check now!
bluetooth waterproof wireless xiaomi mijia electric smart toothbrush 
$70.99  
 worldwide ",xiaomi,"great deal. check now!
bluetooth waterproof wireless xiaomi mijia electric smart toothbrush 
$70.99  
 worldwide ",0,4458,1,1083057762056224771,,WoopHerb,"Great Deal. Check Now!
Bluetooth Waterproof Wireless Xiaomi Mijia Electric Smart Toothbrush 
$70.99 üòç 
üëâ Worldwide‚Ä¶ https://t.co/RWLcplvM8v",0.6071428571428571,Wed Jan 09 17:47:47 +0000 2019,WoopHerb_com,positive,257,0.6964285714285714,755767815773323264,False
what a fantastic deal. #takeallmymoney #xiaomi #mimix2s,xiaomi,what a fantastic deal. #takeallmymoney #xiaomi #mimix2s,4912,4270,2277,1083034337002500097,"√úT: 3.1136111,101.6893413",vernieman,What a fantastic deal. #takeallmymoney #xiaomi #mimix2s,0.4,Wed Jan 09 16:14:42 +0000 2019,vernieman,positive,78278,0.9,7508602,False
xiaomi buys tiny share in blackberry phone maker tcl to spur collaboration ,xiaomi,xiaomi buys tiny share in blackberry phone maker tcl to spur collaboration ,1245,4085,4466,1083047951553974272,Peterborough,Darren Fower #Tzar,Xiaomi buys tiny share in Blackberry phone maker TCL to spur collaboration https://t.co/CIrFqahnEK,0.0,Wed Jan 09 17:08:48 +0000 2019,DarrenFowerTzar,neutral,62563,0.5,538164008,False
"if you can fold it once, why not fold it twice? xiaomi may be working on a tri-folding tablet-phone hybrid. ",xiaomi,"if you can fold it once, why not fold it twice? xiaomi may be working on a tri-folding tablet-phone hybrid. ",263,4050,1982,1083034456078934016,LDN | NYC | SFO | ATX,Beyond,"If you can fold it once, why not fold it twice? Xiaomi may be working on a tri-folding tablet-phone hybrid.‚Ä¶ https://t.co/1LhYFKhOzc",0.0,Wed Jan 09 16:15:10 +0000 2019,beyond,neutral,4871,0.0,183142743,False
"#news xiaomi introdu#ces mi box 4 if, a set-top-box from 24   ",xiaomi,"#news xiaomi introdu#ces mi box 4 if, a set-top-box from 24   ",263,4044,5977,1082999798708535296,Web,BitFeed üöÄ,"#news Xiaomi introdu#ces Mi Box 4 IF, a set-top-box from 24 ‚Ç¨  https://t.co/y9Wlwy7VOO",0.0,Wed Jan 09 13:57:27 +0000 2019,BitFeedCO,neutral,858780,0.0,3359131565,False
#news xiaomi mi a1: patch january 2019 and to fix wi-fi and 4g network ,xiaomi,#news xiaomi mi a1: patch january 2019 and to fix wi-fi and 4g network ,263,4044,5977,1083029784454668290,Web,BitFeed üöÄ,#news Xiaomi Mi A1: patch January 2019 and to fix Wi-Fi and 4G network https://t.co/ZoF4Tp1GgU,0.0,Wed Jan 09 15:56:36 +0000 2019,BitFeedCO,neutral,858797,0.0,3359131565,False
@vivek_sadiram thank you but these pics are from xiaomi official website so no need to credit me :),xiaomi,@vivek_sadiram thank you but these pics are from xiaomi official website so no need to credit me :),7317,4026,171,1083048637930881025,"Gurgaon, India",Ishan Agarwal,@Vivek_Sadiram Thank you but these pics are from Xiaomi official website so no need to credit me :),0.5,Wed Jan 09 17:11:32 +0000 2019,ishanagarwal24,positive,7405,1.0,711127250440052736,False
@vivek_sadiram no. this the device that will be launching tomorrow. xiaomi officially released these pics,xiaomi,@vivek_sadiram no. this the device that will be launching tomorrow. xiaomi officially released these pics,7316,4023,171,1083037198453260288,"Gurgaon, India",Ishan Agarwal,@Vivek_Sadiram No. This the device that will be launching tomorrow. Xiaomi officially released these pics,0.0,Wed Jan 09 16:26:04 +0000 2019,ishanagarwal24,neutral,7403,0.0,711127250440052736,False
@device_loop ask xiaomi haha... these are indeed the tvs launching tomorrow,xiaomi,@device_loop ask xiaomi haha... these are indeed the tvs launching tomorrow,7308,4011,171,1082996874523693056,"Gurgaon, India",Ishan Agarwal,@device_loop Ask Xiaomi haha... These are indeed the TVs launching tomorrow,0.2,Wed Jan 09 13:45:50 +0000 2019,ishanagarwal24,positive,7396,0.3,711127250440052736,False
huawei enjoy max vs xiaomi mi mix 2: will the enjoy max make a batter alternative? - click to continue =&gt;&gt; ,xiaomi,huawei enjoy max vs xiaomi mi mix 2: will the enjoy max make a batter alternative? - click to continue =&gt;&gt; ,7,3621,247,1082994897190150145,Africa,TechLector,Huawei Enjoy Max VS Xiaomi Mi Mix 2: Will The Enjoy Max Make a Batter Alternative? - CLICK TO CONTINUE =&gt;&gt;‚Ä¶ https://t.co/LuqlIBl5TF,0.4,Wed Jan 09 13:37:59 +0000 2019,techlector,positive,16200,0.5,2614275211,False
@thetiaraann the series they announced is mid range. supposed to rival xiaomi's redmi series,xiaomi,@thetiaraann the series they announced is mid range. supposed to rival xiaomi's redmi series,1391,3617,951,1083075775052492800,Outchea ,Ryan,@TheTiaraAnn The series they announced is mid range. Supposed to rival xiaomi's redmi series,0.0,Wed Jan 09 18:59:22 +0000 2019,_theghettomonk,neutral,191631,0.0,25873558,False
smartdevil 3a fast typec cable fast charging usb c cable type-c data charger cord for samsung s8 s9 s7 note 8 9 xia ,xiaomi,smartdevil 3a fast typec cable fast charging usb c cable type-c data charger cord for samsung s8 s9 s7 note 8 9 xia ,2179,3251,3256,1082983569457401857,,Bought_Again,SmartDevil 3A Fast TypeC Cable Fast Charging USB C Cable Type-c Data Charger Cord For Samsung S8 S9 S7 Note 8 9 Xia‚Ä¶ https://t.co/vF91DyUnpv,0.2,Wed Jan 09 12:52:58 +0000 2019,Bought_Again,positive,22484,0.6,34884490,False
smartdevil micro usb cable 2a fast charging data cable braided 90 degree usb charger cable for samsung huawei xiaom ,xiaomi,smartdevil micro usb cable 2a fast charging data cable braided 90 degree usb charger cable for samsung huawei xiaom ,2179,3251,3256,1082987941138481152,,Bought_Again,SmartDevil Micro USB Cable 2A Fast Charging Data Cable Braided 90 Degree USB Charger Cable For Samsung Huawei Xiaom‚Ä¶ https://t.co/XlRz2Fed4W,0.2,Wed Jan 09 13:10:20 +0000 2019,Bought_Again,positive,22487,0.6,34884490,False
smartdevil type c cable fast charging usb c cable type-c data charger 90 degree cord for samsung s8 s9 xiaomi huawe ,xiaomi,smartdevil type c cable fast charging usb c cable type-c data charger 90 degree cord for samsung s8 s9 xiaomi huawe ,2179,3251,3256,1083004972227125248,,Bought_Again,SmartDevil Type C Cable Fast Charging USB C Cable Type-c Data Charger 90 Degree Cord For Samsung S8 S9 Xiaomi Huawe‚Ä¶ https://t.co/IpLwOnzUXO,0.2,Wed Jan 09 14:18:01 +0000 2019,Bought_Again,positive,22498,0.6,34884490,False
smartdevil micro usb cable 3a fast charge data cable for samsung xiaomi tablet android mobile phone charging cord c ,xiaomi,smartdevil micro usb cable 3a fast charge data cable for samsung xiaomi tablet android mobile phone charging cord c ,2179,3250,3255,1083046777945755649,,Bought_Again,SmartDevil Micro USB Cable 3A Fast Charge Data Cable for Samsung Xiaomi Tablet Android Mobile Phone Charging Cord C‚Ä¶ https://t.co/VbWGOtK1Lz,0.2,Wed Jan 09 17:04:08 +0000 2019,Bought_Again,positive,22523,0.6,34884490,False
smartdevil micro usb cable 3a fast data sync charging cable for samsung huawei xiaomi lg andriod microusb mobile ph ,xiaomi,smartdevil micro usb cable 3a fast data sync charging cable for samsung huawei xiaomi lg andriod microusb mobile ph ,2179,3249,3256,1083020510802444291,,Bought_Again,SmartDevil Micro USB Cable 3A Fast Data Sync Charging Cable For Samsung Huawei Xiaomi LG Andriod Microusb Mobile Ph‚Ä¶ https://t.co/qxPzgIf303,0.2,Wed Jan 09 15:19:45 +0000 2019,Bought_Again,positive,22509,0.6,34884490,False
"we at xiaomi, have always built products with passion so that anyone who uses it, absolutely loves it. 
we put in t ",xiaomi,"we at xiaomi, have always built products with passion so that anyone who uses it, absolutely loves it. 
we put in t ",4439,2950,2275,1082996426966089729,Bangalore,Sudeep Sahu,"We at Xiaomi, have always built products with passion so that anyone who uses it, absolutely loves it. 
We put in t‚Ä¶ https://t.co/G4wiE2QCS0",0.2,Wed Jan 09 13:44:03 +0000 2019,laurelsudeep,positive,7077,0.9,48673091,False
@yerbasicminhoe mine is a xiaomi and i really like ittttttt,xiaomi,@yerbasicminhoe mine is a xiaomi and i really like ittttttt,72852,2808,735,1082988157543555073,she/her,Œ±œÅœÑŒµŒºŒ∑,@yerbasicminhoe Mine is a xiaomi and I really like ittttttt,0.2,Wed Jan 09 13:11:12 +0000 2019,jonejtwo,positive,61384,0.2,2684025395,False
"check out @exentric_s review of the pocophone f1 from xiaomi 

pocophone f1: unboxing &amp; first impressions ",xiaomi,"check out @exentric_s review of the pocophone f1 from xiaomi 

pocophone f1: unboxing &amp; first impressions ",3115,2749,753,1083063624380358656,Jijojia/Not in Japan,So now?,"Check out @eXentRic_‚Äôs review of the POCOPHONE F1 from Xiaomi üëáüèø

POCOPHONE F1: Unboxing &amp; First Impressions‚Ä¶ https://t.co/1QtLa7nHqO",0.25,Wed Jan 09 18:11:05 +0000 2019,oreo_junkie,positive,56746,0.3333333333333333,32488018,False
"$slab xiaomi selects bluetooth mesh technology from silicon labs for new smart home products
from our stock news alerts app",xiaomi,"$slab xiaomi selects bluetooth mesh technology from silicon labs for new smart home products
from our stock news alerts app",0,2738,10,1082988782348132353,,$Stocknewsalerts,"$SLAB Xiaomi Selects Bluetooth Mesh Technology from Silicon Labs for New Smart Home Products
From our Stock News Alerts App",0.17532467532467533,Wed Jan 09 13:13:41 +0000 2019,Allstocknews,positive,761798,0.5487012987012987,2356524462,False
"xiaomi, asus, samsung and vivo have just cut prices on some of their most popular devices. here's the complete list: ",xiaomi,"xiaomi, asus, samsung and vivo have just cut prices on some of their most popular devices. here's the complete list: ",1883,2682,845,1082990027448082437,Mumbai,Pricebaba,"Xiaomi, ASUS, Samsung and Vivo have just cut prices on some of their most popular devices. Here's the complete list: https://t.co/qz47mIK6Da",0.4000000000000001,Wed Jan 09 13:18:38 +0000 2019,Pricebaba,positive,5704,0.6,395982349,False
"this is the best time to pick up the xiaomi redmi note 5 pro, which has received a permanent price drop of up to rs ",xiaomi,"this is the best time to pick up the xiaomi redmi note 5 pro, which has received a permanent price drop of up to rs ",1883,2682,845,1082990038118350848,Mumbai,Pricebaba,"This is the best time to pick up the Xiaomi Redmi Note 5 Pro, which has received a permanent price drop of up to Rs‚Ä¶ https://t.co/ItdWtW2Is0",1.0,Wed Jan 09 13:18:40 +0000 2019,Pricebaba,positive,5707,0.3,395982349,False
"and lastly, the xiaomi mi a2 has received a permanent price drop by up to rs 3,000 ",xiaomi,"and lastly, the xiaomi mi a2 has received a permanent price drop by up to rs 3,000 ",1883,2682,845,1082990046020493312,Mumbai,Pricebaba,"And lastly, the Xiaomi Mi A2 has received a permanent price drop by up to Rs 3,000 https://t.co/ROwN9eRNrf",0.0,Wed Jan 09 13:18:42 +0000 2019,Pricebaba,neutral,5709,0.06666666666666667,395982349,False
xiaomi unveils the logo for the redmi brand  via @gsmarena_com,xiaomi,xiaomi unveils the logo for the redmi brand  via @gsmarena_com,4930,2658,4976,1083078194998231041,Dubai | ÿØÿ®Ÿä | Abuja | Lagos...,USMAN YUSUF‚Ñ¢,Xiaomi unveils the logo for the Redmi brand https://t.co/tPa4TJrq3i via @gsmarena_com,0.0,Wed Jan 09 19:08:58 +0000 2019,ussmo,neutral,64023,0.0,209038505,False
xiaomi ceo briefly shows off redmi note 7 on video  via @gsmarena_com,xiaomi,xiaomi ceo briefly shows off redmi note 7 on video  via @gsmarena_com,4930,2656,4976,1083007507243696128,Dubai | ÿØÿ®Ÿä | Abuja | Lagos...,USMAN YUSUF‚Ñ¢,Xiaomi CEO briefly shows off Redmi Note 7 on video https://t.co/tp4lB9uOTa via @gsmarena_com,0.0,Wed Jan 09 14:28:05 +0000 2019,ussmo,neutral,64015,0.3333333333333333,209038505,False
xiaomi buys tiny share in blackberry phone maker tcl to spur collaboration: xiaomi has  via @digitaltrends,xiaomi,xiaomi buys tiny share in blackberry phone maker tcl to spur collaboration: xiaomi has  via @digitaltrends,164,2540,86,1083086550131531777,"‚àöŒ±. –≤‡´ØŒ±‡´Æ—í, ‚àö¬°‡´®g¬°‡∏ó¬°Œ±",œâ‡πè‡πè‚àÇy,Xiaomi buys tiny share in Blackberry phone maker TCL to spur collaboration: Xiaomi has‚Ä¶ https://t.co/TESiUJUj4R via @DigitalTrends,0.0,Wed Jan 09 19:42:10 +0000 2019,CurrentSocials,neutral,1090464,0.5,318355178,False
"poco phone users get ready 
",xiaomi,"poco phone users get ready 
",187,2533,14,1083010800854261760,chennai,Geekytamizha,"Poco phone users get ready üòç
https://t.co/wlfHgYtpMB",0.2,Wed Jan 09 14:41:10 +0000 2019,Geekytamizha_,positive,1185,0.5,707914230410776577,False
"this is the first pic from my new xiaomi phone. it's a very grey day here in my #lurgan #garden, but this cheery ja ",xiaomi,"this is the first pic from my new xiaomi phone. it's a very grey day here in my #lurgan #garden, but this cheery ja ",29955,2495,1105,1083035474690740225,"Lurgan, Northern Ireland",Ian Malcolm,"This is the first pic from my new Xiaomi phone. It's a very grey day here in my #Lurgan #garden, but this cheery Ja‚Ä¶ https://t.co/58j4hLxzmg",0.25534090909090906,Wed Jan 09 16:19:13 +0000 2019,Dr_Eoin_Malcolm,positive,10726,0.479469696969697,2331087830,False
focalprice: $6 off for xiaomi 70mai dash cam pro #focalprice ,xiaomi,focalprice: $6 off for xiaomi 70mai dash cam pro #focalprice ,1,2490,1576,1083029891967156224,NY,Best Coupon Online,Focalprice: $6 off for Xiaomi 70mai Dash Cam Pro #Focalprice https://t.co/e9OcFmJ0Rn,0.0,Wed Jan 09 15:57:02 +0000 2019,best_coupon,neutral,128942,0.0,181342308,False
"xiaomi's answer to apple air pods. 

here is airdots pro from xiaomi, a truly wireless earphones at an affordable p ",xiaomi,"xiaomi's answer to apple air pods. 

here is airdots pro from xiaomi, a truly wireless earphones at an affordable p ",5736,2456,466,1082991820836163585,,R',"Xiaomi's answer to Apple Air Pods. 

Here is AirDots Pro from Xiaomi, A truly wireless earphones at an affordable p‚Ä¶ https://t.co/p9yL5IoN2f",0.0,Wed Jan 09 13:25:45 +0000 2019,Rawasen,neutral,38817,0.0,737287994,False
.xiaomi's airdots only cost $30 and work similarly to airpods ,xiaomi,.xiaomi's airdots only cost $30 and work similarly to airpods ,43,2345,342,1082991748626948101,Worldwide,Top News,.xiaomi's AirDots only cost $30 and work similarly to AirPods https://t.co/DJgBdxtdzi,0.0,Wed Jan 09 13:25:28 +0000 2019,TopTwts,neutral,149218,0.7,489044823,False
"$slab:

xiaomi selects bluetooth mesh technology from silicon labs for :

",xiaomi,"$slab:

xiaomi selects bluetooth mesh technology from silicon labs for :

",0,2333,9,1082989907021348864,United States,StockNewsWires,"$SLAB:

Xiaomi Selects Bluetooth Mesh Technology from Silicon Labs for ‚Ä¶:

https://t.co/h2gfOuMOxP",0.0,Wed Jan 09 13:18:09 +0000 2019,StockNewsWires,neutral,440765,0.0,2341445778,False
paranoid android pie roms out for latest xiaomismartphones ,xiaomi,paranoid android pie roms out for latest xiaomismartphones ,51,2301,2290,1083061582559621121,South Africa,Tech-Chat,Paranoid Android Pie ROMs out for latest Xiaomi¬†smartphones https://t.co/81EQ6BaMg1,0.5,Wed Jan 09 18:02:58 +0000 2019,tech_ch4t,positive,20623,0.9,3401184693,False
(xiaomi mi mix 3 review) has been published on looking for it news -  ,xiaomi,(xiaomi mi mix 3 review) has been published on looking for it news -  ,2,2094,4927,1083079500567666689,,Muawia IT News,(Xiaomi Mi Mix 3 review) has been published on Looking For IT News - https://t.co/jSaqE56Ag9 https://t.co/Lyf0Ph79VS,0.0,Wed Jan 09 19:14:10 +0000 2019,MuawiaTechno,neutral,6551,0.0,986135203520352256,False
"@bigpsfan @5abik if you really want xiaomi, i guess they only have two models at this range: pocophone and mi8 se.",xiaomi,"@bigpsfan @5abik if you really want xiaomi, i guess they only have two models at this range: pocophone and mi8 se.",1052,2087,98,1083063708648198145,,Kazi Mahbub,"@bigpsfan @5abik if you really want Xiaomi, I guess they only have two models at this range: Pocophone and Mi8 SE.",0.1,Wed Jan 09 18:11:25 +0000 2019,kmmbd,positive,82309,0.6,336418399,False
xiaomi ceo briefly shows off redmi note 7 on video ,xiaomi,xiaomi ceo briefly shows off redmi note 7 on video ,37053,2021,2261,1083066952170553344,Greece,PM_GR,Xiaomi CEO briefly shows off Redmi Note 7 on video https://t.co/9NTEEU4Hsh,0.0,Wed Jan 09 18:24:18 +0000 2019,PanosM_GR,neutral,137123,0.3333333333333333,298442566,False
"@favoritbookshop portable charger, xiaomi mi slim power bank pro 10 now meets your monitoring criteria.   ",xiaomi,"@favoritbookshop portable charger, xiaomi mi slim power bank pro 10 now meets your monitoring criteria.   ",0,1898,1,1083025297786720257,Internet,Keepa.com Notifier,"@favoritbookshop Portable Charger, Xiaomi Mi Slim Power Bank Pro 10‚Ä¶ now meets your monitoring criteria.  ‚úú https://t.co/laba3d8TE7",0.0,Wed Jan 09 15:38:47 +0000 2019,Keepa_Notifier,neutral,1874768,0.0,336829873,False
xiaomi buys tiny share in blackberry phone maker tcl to spur collaboration  via ,xiaomi,xiaomi buys tiny share in blackberry phone maker tcl to spur collaboration  via ,1096,1844,2886,1083057723934212096,,Digital Daily,Xiaomi buys tiny share in Blackberry phone maker TCL to spur collaboration https://t.co/CCLYW3mRmQ via‚Ä¶ https://t.co/TAIUyWmH3i,0.0,Wed Jan 09 17:47:38 +0000 2019,digitaltechnow,neutral,23914,0.5,4167090570,False
"@m_offat @mashable from  what i know, xiaomi have no physical shops anywhere... their devices are cheap coz they do ",xiaomi,"@m_offat @mashable from  what i know, xiaomi have no physical shops anywhere... their devices are cheap coz they do ",37670,1809,1697,1083020649080213504,Remote location,spazzle shelby,"@m_offat @mashable From  what I know, Xiaomi have no physical shops anywhere... Their devices are cheap coz they do‚Ä¶ https://t.co/thVoqNwmKs",0.2,Wed Jan 09 15:20:18 +0000 2019,spazzle_,positive,149724,0.4214285714285714,41331829,False
this phone! xiaomi mi8 --  ,xiaomi,this phone! xiaomi mi8 --  ,37670,1809,1697,1083026664064536577,Remote location,spazzle shelby,this phone! Xiaomi Mi8 -- https://t.co/ukpCfybndy https://t.co/59qA4Ggp2T,0.0,Wed Jan 09 15:44:13 +0000 2019,spazzle_,neutral,149725,0.0,41331829,False
"new apk version update: mint browser - lite, fast web, safe, adfree 1.3.3 (arm-v7a) download: ",xiaomi,"new apk version update: mint browser - lite, fast web, safe, adfree 1.3.3 (arm-v7a) download: ",4,1806,0,1082997935057629184,APKdot.com,Apkdot,"New APK Version Update: Mint Browser - Lite, Fast Web, Safe, AdFree 1.3.3 (arm-v7a) Download: https://t.co/eV750cVxFY",0.2787878787878788,Wed Jan 09 13:50:03 +0000 2019,APKdot,positive,134767,0.5181818181818182,3148156597,False
new apk version update: mi browser 10.4.7 (arm-v7a) download:  ,xiaomi,new apk version update: mi browser 10.4.7 (arm-v7a) download:  ,4,1806,0,1083045833958932482,APKdot.com,Apkdot,New APK Version Update: Mi Browser 10.4.7 (arm-v7a) Download: https://t.co/9UijETkxc3 https://t.co/7lAt4Xv79Y,0.13636363636363635,Wed Jan 09 17:00:23 +0000 2019,APKdot,positive,134786,0.45454545454545453,3148156597,False
new apk version update: mi app vault 2.10.14 (arm) (android 5.0+) download: ,xiaomi,new apk version update: mi app vault 2.10.14 (arm) (android 5.0+) download: ,4,1806,0,1083045873884504065,APKdot.com,Apkdot,New APK Version Update: Mi App vault 2.10.14 (arm) (Android 5.0+) Download: https://t.co/rKTRKl1Fua,0.13636363636363635,Wed Jan 09 17:00:33 +0000 2019,APKdot,positive,134787,0.45454545454545453,3148156597,False
@droid254 xiaomi has this already ,xiaomi,@droid254 xiaomi has this already ,389,1800,500,1083022319432450048,"Nairobae, Kenya",Zein,@droid254 Xiaomi has this already üòÇ,0.0,Wed Jan 09 15:26:57 +0000 2019,8BitBatman,neutral,105080,0.0,193307633,False
elough e03 magnetic #charger micro #usb cable for #xiaomi #huawei #android #mobile #phone fast charging magnet micr ,xiaomi,elough e03 magnetic #charger micro #usb cable for #xiaomi #huawei #android #mobile #phone fast charging magnet micr ,2640,1782,112,1083098094420611078,,Evochka,Elough E03 Magnetic #Charger Micro #USB Cable For #Xiaomi #Huawei #Android #Mobile #Phone Fast Charging Magnet Micr‚Ä¶ https://t.co/xDIFNA8tCK,0.2,Wed Jan 09 20:28:03 +0000 2019,evochka_vasilen,positive,6812,0.6,2336729690,False
"xiaomi redmi y2 gets price cut in india: revised starting price is rs. 8,999  ",xiaomi,"xiaomi redmi y2 gets price cut in india: revised starting price is rs. 8,999  ",5628,1770,64,1083050148991660032,India,CompareRaja.in,"Xiaomi Redmi Y2 Gets Price Cut in India: Revised Starting Price is Rs. 8,999 https://t.co/dtR0f6ZDBC https://t.co/5KBtXbQe0k",0.0,Wed Jan 09 17:17:32 +0000 2019,compareraja,neutral,11489,0.1,473196113,False
xiaomi buys tiny share in blackberry phone maker tcl to spur collaboration  ,xiaomi,xiaomi buys tiny share in blackberry phone maker tcl to spur collaboration  ,21939,1737,938,1083064405464473600,"London, England",Me UX Designer,Xiaomi buys tiny share in Blackberry phone maker TCL to spur collaboration https://t.co/gJG3kRJZ2L https://t.co/AsINL0Smyu,0.0,Wed Jan 09 18:14:11 +0000 2019,meuxdesigner,neutral,48619,0.5,725574654778347520,False
deal of the day &gt;&gt; xiaomi 90 fun lecture 13.3inch laptop backpack 75d nylon waterproof leisure shoulder bag check i ,xiaomi,deal of the day &gt;&gt; xiaomi 90 fun lecture 13.3inch laptop backpack 75d nylon waterproof leisure shoulder bag check i ,90,1730,1287,1083002000395198465,USA,Maria D. Pedro - USA | Hot Deals - Deal of the day,Deal of the Day &gt;&gt; Xiaomi 90 Fun Lecture 13.3inch Laptop Backpack 75D Nylon Waterproof Leisure Shoulder Bag Check i‚Ä¶ https://t.co/juM2rgEjDB,0.3,Wed Jan 09 14:06:12 +0000 2019,sontanarafil,positive,193612,0.2,2422409521,False
deal of the day &gt;&gt; brakes assembly replacement repair parts for xiaomi ninebot es2 electric scooter check it out &gt;&gt; ,xiaomi,deal of the day &gt;&gt; brakes assembly replacement repair parts for xiaomi ninebot es2 electric scooter check it out &gt;&gt; ,90,1729,1285,1083037310051143681,USA,Maria D. Pedro - USA | Hot Deals - Deal of the day,Deal of the Day &gt;&gt; Brakes Assembly Replacement Repair Parts For Xiaomi Ninebot ES2 Electric Scooter Check it out &gt;&gt; https://t.co/QjzJnwxfE1,0.0,Wed Jan 09 16:26:31 +0000 2019,sontanarafil,neutral,193631,0.0,2422409521,False
xiaomi shares dropped 7% in hong kong to reach a record low. the chinese smartphone maker is now trading 40% below ,xiaomi,xiaomi shares dropped 7% in hong kong to reach a record low. the chinese smartphone maker is now trading 40% below ,7,1621,5000,1083026564327960576,,XO,Xiaomi shares dropped 7% in Hong Kong to reach a record low. The Chinese smartphone maker is now trading 40% below‚Ä¶ https://t.co/q1XLB9CscB,0.0,Wed Jan 09 15:43:49 +0000 2019,BoilerRoomTweet,neutral,12874,0.15,62404274,False
us-china trade talks; xiaomi shares plunge; fed minutes - cnn  ,xiaomi,us-china trade talks; xiaomi shares plunge; fed minutes - cnn  ,114,1619,1130,1083079987547131904,"Bowie, MD",Sid Hameed,US-China trade talks; Xiaomi shares plunge; Fed minutes - CNN https://t.co/ey0zTYdZAa https://t.co/pV2wqexlxl,0.0,Wed Jan 09 19:16:06 +0000 2019,SidHameed,neutral,25581,0.0,108603022,False
us-china trade talks; xiaomi shares plunge; fed minutes -  ,xiaomi,us-china trade talks; xiaomi shares plunge; fed minutes -  ,114,1617,1130,1082998958568304640,"Bowie, MD",Sid Hameed,US-China trade talks; Xiaomi shares plunge; Fed minutes - https://t.co/FQWJVbdmN7 https://t.co/oAF4URj9U2,0.0,Wed Jan 09 13:54:07 +0000 2019,SidHameed,neutral,25503,0.0,108603022,False
us-china trade talks; xiaomi shares plunge; fed minutes - nbc2 news ,xiaomi,us-china trade talks; xiaomi shares plunge; fed minutes - nbc2 news ,114,1617,1130,1083009272827437056,"Bowie, MD",Sid Hameed,US-China trade talks; Xiaomi shares plunge; Fed minutes - NBC2 News https://t.co/V2o4TzjLe3,0.0,Wed Jan 09 14:35:06 +0000 2019,SidHameed,neutral,25510,0.0,108603022,False
xiaomi plunges after billions of shares are unlocked for sale  ,xiaomi,xiaomi plunges after billions of shares are unlocked for sale  ,3519,1601,1942,1082995919371538432,"Nottingham, England",Newsofthehour,Xiaomi Plunges After Billions of Shares Are Unlocked for Sale https://t.co/RvYEbejCSf https://t.co/L9lLkUSaIE,0.0,Wed Jan 09 13:42:02 +0000 2019,Newsofthehour1,neutral,205696,0.0,804345530478448640,False
us-china trade talks; xiaomi shares plunge; fed minutes - ,xiaomi,us-china trade talks; xiaomi shares plunge; fed minutes - ,2436,1594,2204,1082984398885212164,Deutschland ‚úåÔ∏è,Renate Hansen‚ôçÔ∏èüá©üá™üá™üá∫,US-China trade talks; Xiaomi shares plunge; Fed minutes - https://t.co/7mZLkABcAe,0.0,Wed Jan 09 12:56:16 +0000 2019,hansen_renate,neutral,40109,0.0,480416117,False
smartdevil 3a fast typec cable fast charging usb c cable type-c data charger cord for samsung s8 s9 s7 note 8 9 xia ,xiaomi,smartdevil 3a fast typec cable fast charging usb c cable type-c data charger cord for samsung s8 s9 s7 note 8 9 xia ,1304,1568,1662,1082983549911863297,,scape of day,SmartDevil 3A Fast TypeC Cable Fast Charging USB C Cable Type-c Data Charger Cord For Samsung S8 S9 S7 Note 8 9 Xia‚Ä¶ https://t.co/YIn1scqhGm,0.2,Wed Jan 09 12:52:53 +0000 2019,scapeofday,positive,19255,0.6,928106238876848129,False
smartdevil micro usb cable 2a fast charging data cable braided 90 degree usb charger cable for samsung huawei xiaom ,xiaomi,smartdevil micro usb cable 2a fast charging data cable braided 90 degree usb charger cable for samsung huawei xiaom ,1304,1568,1662,1082987920821239808,,scape of day,SmartDevil Micro USB Cable 2A Fast Charging Data Cable Braided 90 Degree USB Charger Cable For Samsung Huawei Xiaom‚Ä¶ https://t.co/iHNZCJgSuk,0.2,Wed Jan 09 13:10:15 +0000 2019,scapeofday,positive,19258,0.6,928106238876848129,False
smartdevil type c cable fast charging usb c cable type-c data charger 90 degree cord for samsung s8 s9 xiaomi huawe ,xiaomi,smartdevil type c cable fast charging usb c cable type-c data charger 90 degree cord for samsung s8 s9 xiaomi huawe ,1304,1568,1662,1083004942053400576,,scape of day,SmartDevil Type C Cable Fast Charging USB C Cable Type-c Data Charger 90 Degree Cord For Samsung S8 S9 Xiaomi Huawe‚Ä¶ https://t.co/GJzIsYK43h,0.2,Wed Jan 09 14:17:54 +0000 2019,scapeofday,positive,19270,0.6,928106238876848129,False
smartdevil micro usb cable 3a fast data sync charging cable for samsung huawei xiaomi lg andriod microusb mobile ph ,xiaomi,smartdevil micro usb cable 3a fast data sync charging cable for samsung huawei xiaomi lg andriod microusb mobile ph ,1304,1568,1662,1083020490556559362,,scape of day,SmartDevil Micro USB Cable 3A Fast Data Sync Charging Cable For Samsung Huawei Xiaomi LG Andriod Microusb Mobile Ph‚Ä¶ https://t.co/9eub71sraE,0.2,Wed Jan 09 15:19:41 +0000 2019,scapeofday,positive,19282,0.6,928106238876848129,False
smartdevil micro usb cable 3a fast charge data cable for samsung xiaomi tablet android mobile phone charging cord c ,xiaomi,smartdevil micro usb cable 3a fast charge data cable for samsung xiaomi tablet android mobile phone charging cord c ,1304,1568,1662,1083046756282191874,,scape of day,SmartDevil Micro USB Cable 3A Fast Charge Data Cable for Samsung Xiaomi Tablet Android Mobile Phone Charging Cord C‚Ä¶ https://t.co/en7LfhEtMG,0.2,Wed Jan 09 17:04:03 +0000 2019,scapeofday,positive,19299,0.6,928106238876848129,False
xiaomi unveils the logo for the redmi brand ,xiaomi,xiaomi unveils the logo for the redmi brand ,19,1505,2562,1083076207208472576,"Dar es Salaam, Tanzania",David Kisamfu,Xiaomi unveils the logo for the Redmi brand https://t.co/2mavjprdEH,0.0,Wed Jan 09 19:01:05 +0000 2019,thedextazlab,neutral,400389,0.0,10409622,False
xiaomi buys tiny share in blackberry phone maker tcl to spur collaboration  via ,xiaomi,xiaomi buys tiny share in blackberry phone maker tcl to spur collaboration  via ,107,1473,112,1083065862012076033,"Va Beach, Virginia",Woody,Xiaomi buys tiny share in Blackberry phone maker TCL to spur collaboration https://t.co/9dIReC8mUx via‚Ä¶ https://t.co/fXX7xtyEx3,0.0,Wed Jan 09 18:19:58 +0000 2019,Harley_Woody,neutral,1218987,0.5,1420660507,False
consumers in china and india prefer xiaomi and samsung phones over iphone for upgrade,xiaomi,consumers in china and india prefer xiaomi and samsung phones over iphone for upgrade,4563,1465,2653,1082994194371788800,Karachi,Malik Aamir Awan,Consumers in China and India prefer Xiaomi and Samsung phones over iPhone for upgrade,0.0,Wed Jan 09 13:35:11 +0000 2019,iAamirJaved,neutral,63015,0.0,69310966,False
deal of the day &gt;&gt; original bluetooth remote control monopod selfie stick for xiaomi yi sports camera check it out ,xiaomi,deal of the day &gt;&gt; original bluetooth remote control monopod selfie stick for xiaomi yi sports camera check it out ,113,1447,2316,1083090084893741059,"Manhattan, NY",Polka Rizm | Hot Deals - Deal of the day,Deal of the day &gt;&gt; Original Bluetooth Remote Control Monopod Selfie Stick for Xiaomi Yi Sports Camera Check it out‚Ä¶ https://t.co/xNg9Uv4IFh,0.1375,Wed Jan 09 19:56:13 +0000 2019,RizmPolka,positive,6727,0.475,956908230730551296,False
deal of the day &gt;&gt; original xiaomi usb type-c male to micro usb female adapter for xiaomi 6 samsung s8 check it out ,xiaomi,deal of the day &gt;&gt; original xiaomi usb type-c male to micro usb female adapter for xiaomi 6 samsung s8 check it out ,113,1446,2315,1083081173994217473,"Manhattan, NY",Polka Rizm | Hot Deals - Deal of the day,Deal of the day &gt;&gt; Original Xiaomi USB Type-C Male to Micro USB Female Adapter for Xiaomi 6 Samsung S8 Check it out‚Ä¶ https://t.co/m7MvR9mw8T,0.125,Wed Jan 09 19:20:49 +0000 2019,RizmPolka,positive,6723,0.33888888888888885,956908230730551296,False
xiaomi unveils the logo for the redmi brand   ,xiaomi,xiaomi unveils the logo for the redmi brand   ,515,1443,2570,1083076159913381888,"Bogor, Indonesia",Nur Syawaludin,Xiaomi unveils the logo for the Redmi brand   https://t.co/ZzFAUCtXrH,0.0,Wed Jan 09 19:00:53 +0000 2019,nur_syawaludin,neutral,22675,0.0,1717519950,False
promotions &amp; deals - hot deal | xiaomi mi max 3 6.9 inch big display 4gb ram 64gb rom snapdragon 636 4g smartphone ,xiaomi,promotions &amp; deals - hot deal | xiaomi mi max 3 6.9 inch big display 4gb ram 64gb rom snapdragon 636 4g smartphone ,223,1436,1168,1083090780317724672,USA,Johny Cool | Hot Deals - Deal of the day,Promotions &amp; Deals - HOT Deal | Xiaomi Mi Max 3 6.9 inch Big Display 4GB RAM 64GB ROM Snapdragon 636 4G Smartphone‚Ä¶ https://t.co/q2ovs7WWOq,0.125,Wed Jan 09 19:58:59 +0000 2019,Sondsajohn,positive,194217,0.47500000000000003,2424418328,False
.xiaomi's airdots only cost $30 and work similarly to airpods ,xiaomi,.xiaomi's airdots only cost $30 and work similarly to airpods ,78,1430,3861,1082991206060249090,,2K(TRUTH),.xiaomi's AirDots only cost $30 and work similarly to AirPods https://t.co/rMjyGV0c3K,0.0,Wed Jan 09 13:23:19 +0000 2019,2ktruth,neutral,13798,0.7,896696726953889792,False
first pictures of the 48 mp redmi x teased by xiaomi ceo  ,xiaomi,first pictures of the 48 mp redmi x teased by xiaomi ceo  ,6,1429,0,1082986371919171584,,notebookcheck.net,First pictures of the 48 MP Redmi X teased by Xiaomi CEO https://t.co/kwluEgmjBu https://t.co/y1D97C9OtE,0.25,Wed Jan 09 13:04:06 +0000 2019,nbc_net,positive,18806,0.3333333333333333,334213174,False
rambomil 110mm bike bicycle mechanical cycling brake disc for xiaomi mijia electric skateboard scooter - big deal - ,xiaomi,rambomil 110mm bike bicycle mechanical cycling brake disc for xiaomi mijia electric skateboard scooter - big deal - ,248,1409,1484,1083061246876942336,USA,Top & HOT DEALS,RAMBOMIL 110MM Bike Bicycle Mechanical Cycling Brake Disc for Xiaomi Mijia Electric Skateboard Scooter - Big Deal - https://t.co/urhOf4xEXQ,0.0,Wed Jan 09 18:01:38 +0000 2019,NewShops90,neutral,735416,0.1,2497168106,False
2 pcs camera lens protector soft tempered glass rear camera phone lens for xiaomi redmi s2 - big deal - ,xiaomi,2 pcs camera lens protector soft tempered glass rear camera phone lens for xiaomi redmi s2 - big deal - ,248,1407,1484,1083044776637812736,USA,Top & HOT DEALS,2 PCS Camera Lens Protector Soft Tempered Glass Rear Camera Phone Lens for Xiaomi Redmi S2 - Big Deal - https://t.co/cc97kmRrDN,0.05,Wed Jan 09 16:56:11 +0000 2019,NewShops90,neutral,735409,0.22499999999999998,2497168106,False
a leaked video appears to show xiaomi is joining the foldable phone trend ,xiaomi,a leaked video appears to show xiaomi is joining the foldable phone trend ,34,1367,1893,1083051021545418753,Amman - Jordan,ABUQAYYAS,A leaked video appears to show Xiaomi is joining the foldable phone trend https://t.co/Hzo5cKC0en,0.0,Wed Jan 09 17:21:00 +0000 2019,abuqayyas,neutral,60337,0.0,15240578,False
"the samsung galaxy m will have a radical price  via @youtube | the end of xiaomi, oppo, vivo and rest!",xiaomi,"the samsung galaxy m will have a radical price  via @youtube | the end of xiaomi, oppo, vivo and rest!",3726,1361,407,1083083864887705600,Kathmandu,Ojash Shrestha,"The Samsung Galaxy M Will Have A Radical Price https://t.co/5GdOuLBGe9 via @YouTube | The End of Xiaomi, Oppo, Vivo and rest!",0.0,Wed Jan 09 19:31:30 +0000 2019,ojash_stha,neutral,9892,0.0,65875978,False
best deal online | xmund xd-dy4 5.5 inch outdoor edc tactical molle waist bag pack men cell phone case wallet pouch ,xiaomi,best deal online | xmund xd-dy4 5.5 inch outdoor edc tactical molle waist bag pack men cell phone case wallet pouch ,344,1359,1387,1083098126523748353,USA,BOKRANZA GROUP,Best deal online | Xmund XD-DY4 5.5 Inch Outdoor EDC Tactical Molle Waist Bag Pack Men Cell Phone Case Wallet Pouch‚Ä¶ https://t.co/ISiPwsIgiR,1.0,Wed Jan 09 20:28:11 +0000 2019,BOKRANZA,positive,89947,0.3,2453933384,False
global smartphone sales fell for the first time ever ,xiaomi,global smartphone sales fell for the first time ever ,128,1327,1249,1083088916490653698,NYC,Roman David DeSilva,Global smartphone sales fell for the first time ever https://t.co/27ghiwtbF1,0.125,Wed Jan 09 19:51:35 +0000 2019,NTNationMag,positive,166980,0.16666666666666666,296389103,False
"so i bought a xiaomi scooter, this is the coolest thing ever tbh uwu it's so much fun aaaaaaa",xiaomi,"so i bought a xiaomi scooter, this is the coolest thing ever tbh uwu it's so much fun aaaaaaa",50407,1290,340,1083009845853413376,01010111 01010111 01010111,Cody~ ‚ô°,"so I bought a Xiaomi scooter, this is the coolest thing ever tbh uwu it's so much fun aaaaaaa",0.3,Wed Jan 09 14:37:23 +0000 2019,codingneko,positive,40830,0.2,477041483,False
xiaomi redmi note 7 and redmi 7 spottedagain  ,xiaomi,xiaomi redmi note 7 and redmi 7 spottedagain  ,3019,1269,3039,1083085240866930688,Philippines,Fanboy SEO,Xiaomi Redmi Note 7 and Redmi 7 Spotted¬†Again https://t.co/o38vCAeCS3 https://t.co/tBwRJImC0f,0.0,Wed Jan 09 19:36:58 +0000 2019,TheFanboySeo,neutral,39959,0.0,23276007,False
enable 4k@60fps video recording on the xiaomi poco f1 [root] ,xiaomi,enable 4k@60fps video recording on the xiaomi poco f1 [root] ,12260,1250,1045,1082998910145114112,"Bangkok, Thailand",Trunks¬≥ ‚ú™,Enable 4k@60fps video recording on the Xiaomi POCO F1 [Root] https://t.co/nIYqZTDTw2,0.0,Wed Jan 09 13:53:55 +0000 2019,Lucusx,neutral,44631,0.0,76573227,False
"this is xiaomis new redmi phone with 48mp camera launching tomorrow!! 
via -@gadgetstouse
presented by @abhishek ",xiaomi,"this is xiaomis new redmi phone with 48mp camera launching tomorrow!! 
via -@gadgetstouse
presented by @abhishek ",25685,1243,200,1082999333245530113,,Sumit Ram,"This is Xiaomi‚Äôs new Redmi phone with 48MP camera launching tomorrow!! ‚ö°‚ö°
Via -@gadgetstouse
Presented by @abhishek‚Ä¶ https://t.co/3qtANfmLcv",0.2130681818181818,Wed Jan 09 13:55:36 +0000 2019,SumitRamSays,positive,38474,0.45454545454545453,2898583544,False
universal metal mini type-c male to usb 2.0 female adapter converter for xiaomi huawei smartphone ,xiaomi,universal metal mini type-c male to usb 2.0 female adapter converter for xiaomi huawei smartphone ,226,1228,1103,1083000095241629696,USA,NGELAK XOOMYC | Hot Deals - Deal of the day,Universal Metal Mini Type-c Male to USB 2.0 Female Adapter Converter for Xiaomi Huawei Smartphone https://t.co/jNYH2vAi7s,0.0,Wed Jan 09 13:58:38 +0000 2019,NXoomyc,neutral,5357,0.08888888888888889,959087496188526592,False
@drkanyuira xiaomi didnt come to play,xiaomi,@drkanyuira xiaomi didnt come to play,1604,1222,1987,1083020766638166016,Mayall's Object,Roko's Basilisk,@DrKanyuira Xiaomi didnt come to play,0.0,Wed Jan 09 15:20:46 +0000 2019,He_Is_Noel,neutral,38611,0.0,500892040,False
"@fluffyparkji lmao it's for my xiaomi band, you know those healthy wristband watch thingy that count your steps and everything",xiaomi,"@fluffyparkji lmao it's for my xiaomi band, you know those healthy wristband watch thingy that count your steps and everything",25517,1215,432,1083025943893962757,Malaysia,D-14 ‚úà Seoul,"@fluffyparkji LMAO IT'S FOR MY XIAOMI BAND, YOU KNOW THOSE HEALTHY WRISTBAND WATCH THINGY THAT COUNT YOUR STEPS AND EVERYTHING",0.55,Wed Jan 09 15:41:21 +0000 2019,ongwinkie,positive,245357,0.75,45510365,False
oppo has announced that it will officially launch in the uk at the end of this month following a similar move by xi ,xiaomi,oppo has announced that it will officially launch in the uk at the end of this month following a similar move by xi ,75,1184,2608,1083022156953538561,UK,Daniel Fleshbourne,OPPO has announced that it will officially launch in the UK at the end of this month following a similar move by Xi‚Ä¶ https://t.co/w5MM5upOwC,0.0,Wed Jan 09 15:26:18 +0000 2019,dfleshbourne,neutral,28704,0.25,22387480,False
@rkcmnl the xiaomi smart bulbs are available from resellers in manila at reasonable prices! just the fact that you ,xiaomi,@rkcmnl the xiaomi smart bulbs are available from resellers in manila at reasonable prices! just the fact that you ,58,1173,949,1083033516575645697,,Tatin Yang,@rkcmnl The Xiaomi smart bulbs are available from resellers in Manila at reasonable prices! Just the fact that you‚Ä¶ https://t.co/NmsK1KqoTi,0.2880952380952381,Wed Jan 09 16:11:26 +0000 2019,tatiny,positive,30297,0.5476190476190476,15239399,False
oppo joins xiaomi to make a push for the uk market; maiden launch set for january 29   ,xiaomi,oppo joins xiaomi to make a push for the uk market; maiden launch set for january 29   ,596,1151,1299,1083068776768143360,India,Ravin Lad,OPPO joins Xiaomi to make a push for the UK market; maiden launch set for January 29 https://t.co/h9E6btoqku ¬ª‚Ä¶ https://t.co/SLHC0iEFO5,0.0,Wed Jan 09 18:31:33 +0000 2019,Ravin_Lad,neutral,10271,0.0,3239484464,False
download xiaomi mi play stock wallpapers in highresolution  ,xiaomi,download xiaomi mi play stock wallpapers in highresolution  ,4,1111,1793,1082985230330408960,india,GizDev.Com,Download Xiaomi MI Play Stock Wallpapers In High¬†Resolution https://t.co/lNyOytmT58 https://t.co/SXYchhXIGH,0.0,Wed Jan 09 12:59:34 +0000 2019,gizdevdotcom,neutral,4502,0.0,197045870,False
xiaomi redmi note 7 was born on geekbench with sd 660 and 6 gb of ram - ittechx ,xiaomi,xiaomi redmi note 7 was born on geekbench with sd 660 and 6 gb of ram - ittechx ,1,1066,1384,1083066586355982336,Bosnia and Herzegovina,ITTECHX,Xiaomi Redmi Note 7 was born on Geekbench with SD 660 and 6 GB of RAM - ITTECHX https://t.co/9zTdADiJW5,0.0,Wed Jan 09 18:22:51 +0000 2019,ITTECHX,neutral,17756,0.0,239023356,False
xiaomi redmi note 7 was born on geekbench with sd 660 and 6 gb of ram ,xiaomi,xiaomi redmi note 7 was born on geekbench with sd 660 and 6 gb of ram ,1,1066,1384,1083066758372696064,Bosnia and Herzegovina,ITTECHX,Xiaomi Redmi Note 7 was born on Geekbench with SD 660 and 6 GB of RAM https://t.co/9zTdADiJW5,0.0,Wed Jan 09 18:23:32 +0000 2019,ITTECHX,neutral,17757,0.0,239023356,False
